Workbook

Sheet Axle Data
A1: Axle Type | B1: Configuration | C1: Axle 1 | D1: Axle 2 | E1: Axle 3 | F1: Axle 4 | G1: Axle 5 | H1: Axle 6 | I1: Axle 7 | J1: Axle 8 | K1: Axle 9
B2: =IF(A2="","",VLOOKUP(A2,'Dropdown Options'!$A$1:$B$19,2,FALSE))
B3: =IF(A3="","",VLOOKUP(A3,'Dropdown Options'!$A$1:$B$19,2,FALSE))
B4: =IF(A4="","",VLOOKUP(A4,'Dropdown Options'!$A$1:$B$19,2,FALSE))
B5: =IF(A5="","",VLOOKUP(A5,'Dropdown Options'!$A$1:$B$19,2,FALSE))
B6: =IF(A6="","",VLOOKUP(A6,'Dropdown Options'!$A$1:$B$19,2,FALSE))
B7: =IF(A7="","",VLOOKUP(A7,'Dropdown Options'!$A$1:$B$19,2,FALSE))
B8: =IF(A8="","",VLOOKUP(A8,'Dropdown Options'!$A$1:$B$19,2,FALSE))
B9: =IF(A9="","",VLOOKUP(A9,'Dropdown Options'!$A$1:$B$19,2,FALSE))
B10: =IF(A10="","",VLOOKUP(A10,'Dropdown Options'!$A$1:$B$19,2,FALSE))
B11: =IF(A11="","",VLOOKUP(A11,'Dropdown Options'!$A$1:$B$19,2,FALSE))
B12: =IF(A12="","",VLOOKUP(A12,'Dropdown Options'!$A$1:$B$19,2,FALSE))
B13: =IF(A13="","",VLOOKUP(A13,'Dropdown Options'!$A$1:$B$19,2,FALSE))
... B201: =IF(A201="","",VLOOKUP(A201,'Dropdown Options'!$A$1:$B$19,2,FALSE))

Sheet Dropdown Options
A1: Single vehicle with 2 axles | B1: 1,1
A2: Single vehicle with 3 axles A | B2: 1,2
A3: Single vehicle with 3 axles B | B3: 1,1,1
A4: Single vehicle with 4 axles A | B4: 1,3
A5: Single vehicle with 4 axles B | B5: 1,1,2
A6: Single vehicle with 4 axles C | B6: 1,2,1
A7: Single vehicle with 5 axles A | B7: 1,1,3
A8: Single vehicle with 5 axles B | B8: 1,1,2,1
A9: Articulator with 4 axles A | B9: 1,3
A10: Articulator with 4 axles B | B10: 1,1,2
A11: Articulator with 5 axles A | B11: 1,1,3
A12: Articulator with 5 axles B | B12: 1,1,2,1
... A19: Articulator with 9 axles | B19: 1,2,3,3
